{"Total Loss": 4.485118865966797, "Image Reconstruction Loss": 1.2125416994094849, "Image KL Loss": 9.06446361541748, "Image Supervised Loss": 1.0609968900680542, "Action Reconstruction Loss": 0.04614466801285744, "Action KL Loss": -0.0, "Action Supervised Loss": 2.211580276489258, "_timestamp": 1689867524.229681, "_runtime": 30.30341601371765, "_step": 66, "_wandb": {"runtime": 11}}