{"Total Loss": 1.5727248191833496, "Image Reconstruction Loss": 0.6586938500404358, "Image KL Loss": 672.0118408203125, "Image Supervised Loss": 0.1156083345413208, "Action Reconstruction Loss": 0.03116801381111145, "Action KL Loss": 338106464.0, "Action Supervised Loss": 0.5296178460121155, "_timestamp": 1689950900.7083895, "_runtime": 1743.0204524993896, "_step": 902, "_wandb": {"runtime": 816}}