{"Total Loss": 1.2935725450515747, "Image Reconstruction Loss": 0.5776948928833008, "Image KL Loss": 1208.2398681640625, "Image Supervised Loss": 0.04950384795665741, "Action Reconstruction Loss": 0.015678903087973595, "Action KL Loss": 338419712.0, "Action Supervised Loss": 0.5153438448905945, "_timestamp": 1689953831.0109172, "_runtime": 529.3795382976532, "_step": 299, "_wandb": {"runtime": 278}}