{"Total Loss": 0.7909011840820312, "Image Reconstruction Loss": 0.6132853627204895, "Image KL Loss": 1383.23046875, "Image Supervised Loss": 1.0064235925674438, "Action Reconstruction Loss": 1.0064235925674438, "Action KL Loss": 29505264.0, "Action Supervised Loss": 0.537472128868103, "_timestamp": 1690317310.9895651, "_runtime": 7044.062104225159, "_step": 1917, "_wandb": {"runtime": 1666}}