{"Total Loss": 1.2356266975402832, "Image Reconstruction Loss": 0.5499630570411682, "Image KL Loss": 1277.54345703125, "Image Supervised Loss": 0.03945009410381317, "Action Reconstruction Loss": 0.03253646194934845, "Action KL Loss": 338008000.0, "Action Supervised Loss": 0.4865207374095917, "_timestamp": 1689961265.0234163, "_runtime": 544.9117352962494, "_step": 399, "_wandb": {"runtime": 340}}