{"Total Loss": 4.622976303100586, "Image Reconstruction Loss": 0.7504994869232178, "Image KL Loss": 651.4993896484375, "Image Supervised Loss": 2.1447033882141113, "Action Reconstruction Loss": 0.19300444424152374, "Action KL Loss": 3796048.5, "Action Supervised Loss": 1.727773666381836, "_timestamp": 1689867294.4148905, "_runtime": 253.15451550483704, "_step": 399, "_wandb": {"runtime": 199}}