{"Total Loss": 0.8325477838516235, "Image Reconstruction Loss": 1.041612148284912, "Image KL Loss": 2002.283203125, "Image Supervised Loss": 0.6408421993255615, "Action Reconstruction Loss": 0.7025882601737976, "Action KL Loss": 68690464.0, "Action Supervised Loss": 0.9451485872268677, "_timestamp": 1690395548.6273115, "_runtime": 2637.593703508377, "_step": 1597, "_wandb": {"runtime": 912}}