{"Total Loss": 3.1547839641571045, "Image Reconstruction Loss": 1.2441340684890747, "Image KL Loss": 122.89268493652344, "Image Supervised Loss": 0.6665108799934387, "Action Reconstruction Loss": 1.1004172563552856, "Action KL Loss": 620473.9375, "Action Supervised Loss": 1.2441389560699463, "_timestamp": 1689884531.1636662, "_runtime": 352.3341591358185, "_step": 299, "_wandb": {"runtime": 191}}