{"Total Image Loss": 15.499715805053711, "Total Action Loss": 179324.1875, "Image Reconstruction Loss": 12.00731372833252, "Image KL Loss": 0.8336294889450073, "Image Supervised Loss": 1.077994465827942, "Action Reconstruction Loss": 1.2241294384002686, "Action KL Loss": 179318.3125, "Action Supervised Loss": 1.1574972867965698, "Encoder Loss": 1.2622813017060253, "Decoder Loss": 2.2301204438690547, "_timestamp": 1689783390.9823215, "_runtime": 501.59448647499084, "_step": 250}