{"recon_loss": 0.7806429862976074, "_timestamp": 1689688580.5504277, "_runtime": 265.06774377822876, "_step": 617, "kl_div": 665.9193115234375, "loss": 0.823822021484375, "_wandb": {"runtime": 256}}