{"Total Loss": 1.2472869157791138, "Image Reconstruction Loss": 1.1327992677688599, "Image KL Loss": 0.5115658044815063, "Image Supervised Loss": 1.0645642280578613, "Action Reconstruction Loss": 0.1144876480102539, "Action KL Loss": 1010473.625, "Action Supervised Loss": 1.1457439661026, "_timestamp": 1689790901.564195, "_runtime": 306.221617937088, "_step": 199, "_wandb": {"runtime": 190}}