{"Total Loss": 0.42463168501853943, "Image Reconstruction Loss": 0.42463168501853943, "Image KL Loss": 11576.578125, "Image Supervised Loss": 0.37604328989982605, "Action Reconstruction Loss": 0.01081964373588562, "Action KL Loss": 338469120.0, "Action Supervised Loss": 0.9263002276420593, "_timestamp": 1689961766.65651, "_runtime": 175.52477407455444, "_step": 199, "_wandb": {"runtime": 170}}