{"Total Loss": 2.2281951904296875, "Image Reconstruction Loss": 0.5541285276412964, "Image KL Loss": 1207.955322265625, "Image Supervised Loss": 0.8859261274337769, "Action Reconstruction Loss": 0.9043666124343872, "Action KL Loss": 336283488.0, "Action Supervised Loss": 0.6371460556983948, "_timestamp": 1689959176.4857864, "_runtime": 430.31514739990234, "_step": 399, "_wandb": {"runtime": 278}}