{"Image Reconstruction Loss": 0.8334550857543945, "Image KL Loss": -0.0, "Image Supervised Loss": 0.096439428627491, "Action Reconstruction Loss": 0.096439428627491, "Action KL Loss": 0.18359375, "Action Supervised Loss": 1.2789195775985718, "Encoder Loss": 2.829434642137585e-08, "Decoder Loss": 5.5444900226575555e-08, "_timestamp": 1689713396.5706658, "_runtime": 258.8442897796631, "_step": 175}