{"Total Loss": 1.4552788734436035, "Image Reconstruction Loss": 0.8173037171363831, "Image KL Loss": 1383.1256103515625, "Image Supervised Loss": 0.019184425473213196, "Action Reconstruction Loss": 0.019184425473213196, "Action KL Loss": 30178254.0, "Action Supervised Loss": 0.6379750967025757, "_timestamp": 1690306628.9067328, "_runtime": 377.9757037162781, "_step": 99, "_wandb": {"runtime": 120}}