{"Total Loss": 0.4886960983276367, "Image Reconstruction Loss": 0.38739433884620667, "Image KL Loss": 18865010.0, "Image Supervised Loss": 57272.53125, "Action Reconstruction Loss": 0.10130175948143005, "Action KL Loss": 4087.652587890625, "Action Supervised Loss": 1.2239158153533936, "_timestamp": 1689792893.8433337, "_runtime": 200.29827761650085, "_step": 199, "_wandb": {"runtime": 192}}