{"recon_loss": 0.7513915300369263, "_timestamp": 1689690152.7182205, "_runtime": 791.0280885696411, "_step": 1659, "kl_div": 653.7365112304688, "_wandb": {"runtime": 718}}