{"Total Loss": 1.0157487392425537, "Image Reconstruction Loss": 1.0342398881912231, "Image KL Loss": 1186.10546875, "Image Supervised Loss": 1.01263427734375, "Action Reconstruction Loss": 0.979390025138855, "Action KL Loss": 25229320.0, "Action Supervised Loss": 1.0367307662963867, "_timestamp": 1690378344.21901, "_runtime": 491.86761021614075, "_step": 199, "_wandb": {"runtime": 176}}