{"Total Loss": 1.2015472650527954, "Image Reconstruction Loss": 0.512143075466156, "Image KL Loss": 34.2242317199707, "Image Supervised Loss": 0.011021096259355545, "Action Reconstruction Loss": 0.010063577443361282, "Action KL Loss": 5981991.0, "Action Supervised Loss": 0.6783831119537354, "_timestamp": 1689874116.2030482, "_runtime": 1455.390013217926, "_step": 299, "_wandb": {"runtime": 316}}