{"Total Loss": 4.752203464508057, "Image Reconstruction Loss": 1.2162612676620483, "Image KL Loss": 2.961505651473999, "Image Supervised Loss": 1.2955271005630493, "Action Reconstruction Loss": 0.10780179500579834, "Action KL Loss": 7765.7490234375, "Action Supervised Loss": 2.24041485786438, "_timestamp": 1689866962.897575, "_runtime": 79.05142593383789, "_step": 80, "_wandb": {"runtime": 75}}