{"Total Loss": 1.439229130744934, "Image Reconstruction Loss": 0.4092024564743042, "Image KL Loss": 120.10990905761719, "Image Supervised Loss": 0.5870217084884644, "Action Reconstruction Loss": 0.7738940715789795, "Action KL Loss": 6984667.0, "Action Supervised Loss": 0.4430049955844879, "_timestamp": 1689883318.6355891, "_runtime": 334.9197790622711, "_step": 399, "_wandb": {"runtime": 264}}