{"Image Reconstruction Loss": 10.014506340026855, "Image KL Loss": -0.0, "Image Supervised Loss": 0.10064175724983215, "Action Reconstruction Loss": 1.0064175128936768, "Action KL Loss": 0.3671875, "Action Supervised Loss": 1.240065574645996, "Encoder Loss": 2.054716397026368, "Decoder Loss": 43.79134281862207, "_timestamp": 1689715825.7607565, "_runtime": 527.2316744327545, "_step": 230, "Total Image Loss": 55.860565185546875, "Total Action Loss": 48.45973205566406, "_wandb": {"runtime": 265}}