{"loss": 0.5938175320625305, "_timestamp": 1689617501.167192, "_runtime": 74.13933086395264, "_step": 199, "_wandb": {"runtime": 60}}