{"Total Loss": 2.4864590167999268, "Image Reconstruction Loss": 0.7892441749572754, "Image KL Loss": 42.05501937866211, "Image Supervised Loss": 0.9799075722694397, "Action Reconstruction Loss": 0.005641799420118332, "Action KL Loss": 4449927.0, "Action Supervised Loss": 0.7173072695732117, "_timestamp": 1689798024.2062392, "_runtime": 351.55609917640686, "_step": 265, "_wandb": {"runtime": 255}}