{"Total Loss": 0.4280160069465637, "Image Reconstruction Loss": 0.4280160069465637, "Image KL Loss": 1283.225830078125, "Image Supervised Loss": 3.4852406978607178, "Action Reconstruction Loss": 0.2397531270980835, "Action KL Loss": 14749130.0, "Action Supervised Loss": 1.3892568349838257, "_timestamp": 1689874871.1866832, "_runtime": 246.51179814338684, "_step": 199, "_wandb": {"runtime": 215}}