{"Total Loss": 1.3414818048477173, "Image Reconstruction Loss": 0.6395590901374817, "Image KL Loss": 0.26528483629226685, "Image Supervised Loss": 0.10474523156881332, "Action Reconstruction Loss": 0.10446642339229584, "Action KL Loss": 5046835.0, "Action Supervised Loss": 0.5895979404449463, "_timestamp": 1689946917.9482882, "_runtime": 2175.6361272335052, "_step": 399, "_wandb": {"runtime": 374}}