{"loss": 0.5134260654449463, "_timestamp": 1689617955.9814317, "_runtime": 42.250290632247925, "_step": 199, "_wandb": {"runtime": 33}}