{"Total Loss": 0.8029512763023376, "Image Reconstruction Loss": 0.8041789531707764, "Image KL Loss": 11818.7265625, "Image Supervised Loss": 0.016935091465711594, "Action Reconstruction Loss": 0.016935091465711594, "Action KL Loss": 256000288.0, "Action Supervised Loss": 0.7845587134361267, "_timestamp": 1690220521.752481, "_runtime": 3879.841544866562, "_step": 1182, "_wandb": {"runtime": 936}}