{"Total Loss": 12.167009353637695, "Image Reconstruction Loss": 11.143994331359863, "Image KL Loss": -0.0, "Image Supervised Loss": 1.1090611219406128, "Action Reconstruction Loss": 1.0230154991149902, "Action KL Loss": 575984.75, "Action Supervised Loss": 1.1450403928756714, "Encoder Loss": 0.0, "Decoder Loss": 0.0, "_timestamp": 1689789457.2390344, "_runtime": 200.22418451309204, "_step": 199, "_wandb": {"runtime": 195}}