{"Total Loss": 3.2554070949554443, "Image Reconstruction Loss": 0.7155256271362305, "Image KL Loss": 44.62330627441406, "Image Supervised Loss": 1.061293125152588, "Action Reconstruction Loss": 0.013681530021131039, "Action KL Loss": 6968270.5, "Action Supervised Loss": 1.478588342666626, "_timestamp": 1689866658.5371256, "_runtime": 604.136602640152, "_step": 477, "_wandb": {"runtime": 212}}