{"Image Reconstruction Loss": 1.0193225145339966, "Image KL Loss": -0.0, "Image Supervised Loss": 0.10444284975528717, "Action Reconstruction Loss": 0.10444284975528717, "Action KL Loss": 0.18359375, "Action Supervised Loss": 1.2363682985305786, "Encoder Loss": 2.2261467336193164e-08, "Decoder Loss": 1.83389463614958e-08, "_timestamp": 1689714279.050161, "_runtime": 189.99460983276367, "_step": 199}