{"Total Loss": 3.9507455825805664, "Image Reconstruction Loss": 1.0084513425827026, "Image KL Loss": -0.0, "Image Supervised Loss": 1.0750478506088257, "Action Reconstruction Loss": 0.12685969471931458, "Action KL Loss": 3438180.25, "Action Supervised Loss": 1.8672462701797485, "_timestamp": 1689863035.873198, "_runtime": 89.33388710021973, "_step": 110, "_wandb": {"runtime": 83}}