{"loss": 0.10722680389881134, "_timestamp": 1689614472.2109487, "_runtime": 267.06528878211975, "_step": 199, "_wandb": {"runtime": 218}}