{"Total Image Loss": 14.778225898742676, "Total Action Loss": 9736.2314453125, "Image Reconstruction Loss": 11.119929313659668, "Image KL Loss": 0.33529138565063477, "Image Supervised Loss": 1.1364598274230957, "Action Reconstruction Loss": 0.9810313582420349, "Action KL Loss": 9730.439453125, "Action Supervised Loss": 1.15252685546875, "Encoder Loss": 1.3799156484139985, "Decoder Loss": 2.2783815722959844, "_timestamp": 1689782638.417712, "_runtime": 63.96907591819763, "_step": 3853, "_wandb": {"runtime": 110}}