{"Total Image Loss": 9.199880599975586, "Total Action Loss": 1.0373525619506836, "Image Reconstruction Loss": 9.199880599975586, "Image KL Loss": -0.0, "Image Supervised Loss": 1.044999122619629, "Action Reconstruction Loss": 1.0373525619506836, "Action KL Loss": 6638297.0, "Action Supervised Loss": 0.5312929153442383, "Encoder Loss": 3.882990284864718, "Decoder Loss": 247.36377781664487, "_timestamp": 1689785264.1947427, "_runtime": 268.83946466445923, "_step": 199}