{"Total Image Loss": 13.305343627929688, "Total Action Loss": 1.6657851934432983, "Image Reconstruction Loss": 12.294609069824219, "Image KL Loss": -0.0, "Image Supervised Loss": 1.0107347965240479, "Action Reconstruction Loss": 1.1257636547088623, "Action KL Loss": 6135245.5, "Action Supervised Loss": 0.540021538734436, "Encoder Loss": 3.882990284864718, "Decoder Loss": 209.85235096304677, "_timestamp": 1689784461.105195, "_runtime": 408.9100761413574, "_step": 203, "_wandb": {"runtime": 209}}