{"Total Loss": 1.7836873531341553, "Image Reconstruction Loss": 259.79852294921875, "Image KL Loss": -0.0, "Image Supervised Loss": 1.0628764629364014, "Action Reconstruction Loss": 0.10452714562416077, "Action KL Loss": 4740850.0, "Action Supervised Loss": 0.7208108901977539, "_timestamp": 1689797051.154241, "_runtime": 224.87258410453796, "_step": 199, "_wandb": {"runtime": 181}}