{"Total Loss": 3.481308937072754, "Image Reconstruction Loss": 0.7624263167381287, "Image KL Loss": 36.900901794433594, "Image Supervised Loss": 0.9104853868484497, "Action Reconstruction Loss": 0.01586693711578846, "Action KL Loss": 7520783.5, "Action Supervised Loss": 1.8083970546722412, "_timestamp": 1689868741.13798, "_runtime": 1190.529380083084, "_step": 1099, "_wandb": {"runtime": 948}}