{"Total Loss": 16.089855194091797, "Image Reconstruction Loss": 2.772657632827759, "Image KL Loss": 3163.381591796875, "Image Supervised Loss": 0.9951968789100647, "Action Reconstruction Loss": 59.69581604003906, "Action KL Loss": 96857680.0, "Action Supervised Loss": 0.8957504630088806, "_timestamp": 1690385491.6066754, "_runtime": 7060.560940504074, "_step": 1373, "_wandb": {"runtime": 7064}}