{"recon_loss": 1.0529626607894897, "_timestamp": 1689691988.1316345, "_runtime": 926.8461055755615, "_step": 1587, "kl_div": 1453.5775146484375, "loss": 1.0898350477218628}