{"Total Loss": 197.12794494628906, "Image Reconstruction Loss": 1.1464829444885254, "Image KL Loss": 197.12794494628906, "Image Supervised Loss": 0.7881855368614197, "Action Reconstruction Loss": 0.3636651933193207, "Action KL Loss": 24283684.0, "Action Supervised Loss": 1.1465250253677368, "_timestamp": 1690232849.3240163, "_runtime": 102.7991943359375, "_step": 99, "_wandb": {"runtime": 91}}